,video,description
0,mixkit-dog-catches-a-ball-in-a-river-1494.mp4,A person stands in a river with trees in the background and throws a ball for a white dog to catch.
0,mixkit-woman-meditating-with-her-dog-in-the-sunset-4800.mp4,"Woman meditating with her dog, with a beautiful view of the city during the sunset."
0,mixkit-a-couple-in-love-watching-a-romantic-sunset-4829.mp4,"A loving couple with a dog, sitting on a fence while watching a romantic sunset, give each other an affectionate kiss."
0,mixkit-dog-sitting-on-log-1550.mp4,"A brown and white collie sits on a log, with another log and plants in the background."
0,mixkit-smiling-dog-1552.mp4,"A brown and white dog smiles at the camera, then looks to the side before staring at the camera again."
0,mixkit-a-woman-walks-through-a-park-with-a-dog-1532.mp4,"A woman walks through a park next to a brown and white dog, with the sun poking through trees in the background."
0,mixkit-person-inside-a-tent-with-dog-576.mp4,"A person sits inside a tent with the flap door open, through with a campfire is visible, and a black dog sitting next to the fire. Int he background, a body of water and trees."
0,mixkit-two-puppies-side-by-side-1210.mp4,Two puppies side by side with their tongues out.
0,mixkit-little-dog-running-in-snow-in-slow-motion-25225.mp4,Little dog running in snow in slow motion
0,mixkit-a-dog-resting-on-the-grass-next-to-a-dog-1479.mp4,Slow motion video of a dog resting on the grass next to a dog toy. Big dog waiting for orders. A tired dog breathing with its tongue out.
0,mixkit-dog-catches-a-frisbee-in-mid-air-1557.mp4,"A black and white dog jumps to catch a blue frisbee in mid-air, with trees and a clear sky in the background and dried leaves on the ground."
0,mixkit-man-and-woman-playing-with-a-dog-in-a-garden-42719.mp4,Man and woman playing with a dog with a ball in the garden of a house on a sunny day.
0,mixkit-dog-being-petted-1478.mp4,A golden retriever sits on the grass while a bearded man wearing a blue baseball cap pets his face.
0,mixkit-man-with-his-dog-watching-the-sunset-on-the-horizon-4839.mp4,"Man sitting with his dog to the side, he holds out his hand with a ball, while he watches the sunset on the horizon peacefully."
0,mixkit-dog-playing-in-slow-motion-1211.mp4,Slow motion view of a dog playing Dog playing in a studio.dio.
0,mixkit-dogs-playing-in-the-forest-14245.mp4,Dogs playing in the forest
0,mixkit-dog-and-owner-playing-with-a-ball-in-a-creek-1495.mp4,"A person wearing a black baseball hat, a black t-shirt and khaki shorts stands ankle deep in a creek and throws a tennis ball to a yellow labrador retriever. The dog chases the ball, splashing in the river as it runs."
0,mixkit-dog-walking-with-its-owner-in-a-park-1476.mp4,"Slow motion shot of a dog with a dog leash walking with its owner holding it, late afternoon, in a park with people doing sports and houses in the background. Big dog walking next to a man in a park with green grass."
0,mixkit-dog-shaking-off-the-water-on-the-beach-15933.mp4,Dog shaking off the water on the beach
0,mixkit-little-dog-running-in-the-snow-25150.mp4,Little dog running in the snow
0,mixkit-girls-playing-with-dog-in-the-park-25007.mp4,Girls playing with dog in the park
0,mixkit-little-dog-lying-down-bored-and-sad-4812.mp4,"Little dog lying on the carpet in the sun coming through the window, bored and sad."
0,mixkit-panting-dog-1548.mp4,A brown and white dog pants and sticks its tongue out.
0,mixkit-corgi-dog-running-in-an-autum-forest-25094.mp4,Corgi dog running in an autum forest
0,mixkit-cute-dog-looking-at-the-camera-with-curiosity-33166.mp4,Cute dog looking at the camera with curiosity
0,mixkit-dog-licking-nose-1551.mp4,"A brown and white collie looks away from the camera, then turns and licks its nose as people walk by in the background."
0,mixkit-girl-and-her-puppy-watching-videos-14938.mp4,Girl and her puppy watching videos
0,mixkit-family-playing-with-a-dog-in-the-garden-23072.mp4,Family playing with a dog in the garden
0,mixkit-a-black-dog-taking-the-sun-in-the-door-550.mp4,A black dog taking the sun in the front door of a cabin in the forest.
0,mixkit-small-puppies-of-the-bull-terrier-breed-on-a-carpet-33157.mp4,Small puppies of the Bull Terrier breed on a carpet
0,mixkit-team-of-husky-sled-dogs-running-in-the-snow-7355.mp4,Team of husky sled dogs running in the snow
0,mixkit-female-runner-walks-her-dog-3123.mp4,"Woman wearing sportswear runs with her little dog in the street, there are tall trees on the side of the road."
0,mixkit-happy-couple-petting-their-dog-42727.mp4,"Happy couple of man and woman, sitting on the porch of a house while petting their dog."
0,mixkit-bathing-a-small-and-calm-dog-1665.mp4,A small dog soaped being bathed by a person.
0,mixkit-smiling-dog-in-a-forest-1560.mp4,"A brown and white dog sitting, waiting in a forest with a lot of trees in the background and leaves on the ground."
0,mixkit-french-bulldog-eating-a-treat-in-slow-motion-1212.mp4,A French Bulldog eating a treat in slow motion.
0,mixkit-young-girl-playing-with-a-puppy-6178.mp4,Young girl playing with a puppy
0,mixkit-father-and-daughter-together-watching-television-with-their-little-dog-10468.mp4,"Father and daughter sitting in a room surrounded by stuffed animals while watching TV and reacting together with laughter, the father has a small white dog on his legs."
0,mixkit-little-girl-asleep-with-her-dog-36138.mp4,Little girl asleep with her dog
0,mixkit-dachshund-dog-while-hands-caress-it-10361.mp4,Focus on the head of a dachshund dog looking directly at the camera as it turns everywhere and a person's hands hold it and caress its hair and ears.
0,mixkit-little-puppies-eating-33160.mp4,Little puppies eating
0,mixkit-dachshund-dog-running-through-a-park-to-reach-its-owner-10365.mp4,Small Dachshund dog running through a park while reaching the feet of its owner who was jogging with sportswear.
0,mixkit-two-dogs-resting-with-their-owners-on-a-park-bench-10359.mp4,"A large Labrador Retriever and a small Dachshund dog, resting on a park bench while their owners gently pet them."
0,mixkit-dog-in-the-middle-of-a-goat-herd-10200.mp4,Dog in the middle of a goat herd
0,mixkit-a-dog-waiting-for-a-haircut-1660.mp4,"A white dog with long, careless hair waiting for his haircut while lying."
0,mixkit-dog-standing-on-a-log-1555.mp4,"A brown and white collie stand still on a log, then jumps off."
0,mixkit-man-and-woman-petting-their-dog-in-a-garden-42715.mp4,"Cheerful man and woman petting their dog in the garden at home, on a sunny day."
0,mixkit-hungry-and-thirsty-stray-dog-33011.mp4,Hungry and thirsty stray dog
0,mixkit-portrait-of-a-rottweiler-waving-34922.mp4,Portrait of a Rottweiler waving
0,mixkit-girl-and-dog-running-in-the-park-path-25009.mp4,Girl and dog running in the park path
0,mixkit-husky-sled-dogs-running-in-slow-motion-7358.mp4,Husky sled dogs running in slow motion
0,mixkit-man-gives-his-dogs-water-to-drink-from-a-bottle-27021.mp4,Man gives his dogs water to drink from a bottle
0,mixkit-dog-sitting-on-the-grass-waiting-for-its-owner-33155.mp4,Dog sitting on the grass waiting for its owner
0,mixkit-corgi-dog-in-the-grassfield-25093.mp4,Corgi dog in the grassfield
0,mixkit-little-girl-playing-video-games-with-her-father-10463.mp4,"Little girl with her father seen from the back in front of a television with some stuffed animals around, playing a Mario Bros video game, while she explains to him how to play."
0,mixkit-person-and-dog-walk-among-trees-517.mp4,"A person wearing a large grey jacket and black pants walks next to a black and white dog. Both are walking through a forest, the sun shining through the dense trees."
0,mixkit-cute-little-dog-on-top-of-a-log-33156.mp4,Cute little dog on top of a log
0,mixkit-sad-hungry-dog-getting-wet-in-the-rain-33012.mp4,Sad hungry dog getting wet in the rain
0,mixkit-dog-with-its-tongue-out-1209.mp4,Dog sitting alone with its tongue out.
0,mixkit-man-and-woman-walking-a-dog-in-a-garden-42745.mp4,Romantic couple of man and woman walking a dog through the sunny garden of a large house in nature.
0,mixkit-young-lady-doing-yoga-outside-with-her-dog-6498.mp4,Young lady doing Yoga outside with her dog
0,mixkit-woman-playing-with-a-dog-in-a-garden-42744.mp4,Young woman playing with a dog with a ball in the sunny garden of a house in nature.
0,mixkit-dog-asking-for-petting-behind-a-cage-33153.mp4,Dog asking for petting behind a cage
0,mixkit-dog-barking-behind-a-wire-fence-32330.mp4,Dog barking behind a wire fence
0,mixkit-girl-lying-on-the-grass-holding-her-little-dog-on-10352.mp4,"Young woman lying on the grass in the middle of a park with trees, while holding her little dog in her hands, he licks her face and she says some words to him."
0,mixkit-person-walking-a-dog-in-the-forest-518.mp4,"A person wearing a large dark jacket walks next to a small black dog in a forest, surrounded by trees and the sun shining through."
0,mixkit-dog-groomer-cutting-hair-to-a-white-dog-1664.mp4,Dog grooming cutting the hair of a white dog's head with scissors.
0,mixkit-adorable-dog-in-a-grooming-pet-1661.mp4,"Groomer combing an adorable white dog with a hair comb, close up shot."
0,mixkit-a-man-walking-his-dog-in-the-morning-1493.mp4,A man walking a white dog through the grass in the forest as the sun rises in the early morning.
0,mixkit-a-wild-dog-resting-in-a-mud-puddle-11282.mp4,A wild dog resting in a mud puddle
0,mixkit-woman-petting-her-dog-on-the-lawn-42736.mp4,"Cheerful young woman petting her dog, sitting on the grass in a sunny garden."
0,mixkit-little-pit-bull-dog-terrier-34938.mp4,Little pit bull dog terrier
0,mixkit-little-white-puppy-looking-around-33161.mp4,Little white puppy looking around
0,mixkit-cute-dog-plays-with-his-cloth-toy-with-its-owner-33158.mp4,Cute dog plays with his cloth toy with its owner
0,mixkit-woman-playing-with-two-dogs-16247.mp4,Woman playing with two dogs
0,mixkit-dog-and-frisbee-1558.mp4,"A red frisbee flies by and a black and white dog runs after it, many trees and a clear sky in the background."
0,mixkit-a-dog-in-the-park-1556.mp4,A sitting brown and white dog stands from his seat in a park.
0,mixkit-a-man-walking-his-dog-at-a-forestin-the-morning-1492.mp4,A man walking his dog at a forest in the morning. A white dog following his owner at nature.
0,mixkit-dog-cubs-feeding-7270.mp4,Dog cubs feeding
0,mixkit-man-walking-his-dog-in-a-forest-537.mp4,Man walking over a fallen tree in a forest with his dog.
0,mixkit-rottweiler-waiting-in-a-forest-34921.mp4,Rottweiler waiting in a forest
0,mixkit-person-and-dog-walk-in-a-creek-1499.mp4,"A person wearing shorts and a grey t-shirt holding a tennis ball in their hands walks next to a white dog, both walking through a small bit of water like a creek."
0,mixkit-a-cute-dog-giving-the-paw-while-sitting-on-a-1496.mp4,A cute dog giving the paw. A white dog sitting on a small steam. A man asking to his dog to hive him a paw.
0,mixkit-husky-sled-dogs-in-harness-7267.mp4,Husky sled dogs in harness
0,mixkit-little-white-puppy-bull-terrier-33163.mp4,Little white puppy Bull Terrier
0,mixkit-hungry-puppies-eating-together-33017.mp4,Hungry puppies eating together
0,mixkit-dog-barking-in-nature-32552.mp4,Dog barking in nature
0,mixkit-dog-laying-on-the-grass-1553.mp4,A brown and white dog lays on the grass while being pet.
0,mixkit-labrador-sleeping-with-a-tablet-15193.mp4,Labrador sleeping with a tablet
0,mixkit-woman-playing-with-her-dog-6299.mp4,Woman playing with her dog
0,mixkit-a-cute-dog-inside-a-car-looking-around-1668.mp4,A cute dog wearing a pearl necklace and a white bow inside a car looking around in slow motion.
0,mixkit-dog-jumping-off-a-log-1549.mp4,"A brown and white collie sits on a log with trees, logs and plants in the background, then jumps off and runs into the trees."
0,mixkit-a-dog-and-its-owner-at-a-park-1474.mp4,"A yellow dog on a leash stand next to it's owner in a park, both standing still with the sun shining through the trees behind them."
0,mixkit-small-brown-dog-in-nature-10355.mp4,"Close shot of a small brown dog tied on a blue leash by the side of a tree trunk in the middle of a park, while panting with his tongue out."
0,mixkit-woman-playing-ball-with-a-dog-42747.mp4,Young woman playing ball with a dog in the sunny garden of a house in nature.
0,mixkit-little-girl-lovingly-hugging-her-dog-36148.mp4,Little girl lovingly hugging her dog
0,mixkit-small-cute-dog-combed-by-its-owner-1659.mp4,Small cute Yorkshire Terrier dog combed with a brush by its owner in slow motion.
0,mixkit-a-woman-pets-her-dog-in-the-park-1530.mp4,"A brown and white dog leans up on a woman in a park while she pets its head and ears, with dried leaves on the floor and trees in the background."
0,mixkit-a-man-walks-with-his-dog-in-a-creek-on-1498.mp4,"A barefoot man walks with his dog in a creek on a forest, low view. A wet dog following its owner on a sunny day at nature. A man exploring with his dog."
0,mixkit-couple-walking-with-their-dogs-through-a-park-10366.mp4,"Young couple walking peacefully with their dogs through a park, while chatting at ease, during a sunny day."
0,mixkit-man-and-woman-chatting-in-a-park-with-their-dogs-10354.mp4,"Friends chatting in a park, while they take their dogs for a walk and she caresses them."
0,mixkit-loving-couple-petting-their-dog-42725.mp4,"Affectionate couple petting their dog sitting on the porch of their house, while laughing and kissing on a sunny day."
0,mixkit-dog-shaking-off-on-a-sunny-beach-38409.mp4,Dog shaking off on a sunny beach
0,mixkit-dogs-chilling-in-the-street-32376.mp4,Dogs chilling in the street
0,mixkit-dog-resting-on-the-rocks-in-the-beach-32331.mp4,Dog resting on the rocks in the beach
0,mixkit-walking-a-dog-in-the-rain-27686.mp4,Walking a dog in the rain
0,mixkit-excited-dog-in-a-yard-26188.mp4,Excited dog in a yard
0,mixkit-dogs-exploring-the-snow-26054.mp4,Dogs exploring the snow
0,mixkit-stroking-a-dog-lying-on-the-grass-18198.mp4,Dog lying on the grass in a park while being gently caressed by a man's hand.
0,mixkit-a-german-shepherd-dog-rolling-over-13183.mp4,A German shepherd dog rolling over
0,mixkit-couple-with-dogs-resting-on-park-bench-10350.mp4,"A couple of a man and a woman, sitting on a bench with their two dogs, resting in a park, with grass and trees, during a sunny day."
0,mixkit-dog-nose-close-up-8492.mp4,Dog nose close up
0,mixkit-woman-doing-yoga-at-the-beach-6232.mp4,Woman doing Yoga at the beach
0,mixkit-woman-doing-yoga-with-her-pet-dog-6156.mp4,Woman doing Yoga with her pet dog
0,mixkit-man-drinking-coffee-out-his-cabin-551.mp4,"A man drinking coffee at the door of his cabin, accompanied by his dog during the morning."
0,mixkit-woman-and-her-dog-in-a-forest-534.mp4,A woman and her dog in a forest. The woman is sitting on a log while drinking from a mug.
0,mixkit-girl-stroking-her-dog-in-nature-in-autumn-36063.mp4,Girl stroking her dog in nature in autumn
0,mixkit-girl-with-pet-dog-in-the-playground-25212.mp4,Girl with pet dog in the playground
0,mixkit-dalmatian-holding-a-stick-21029.mp4,Dalmatian holding a stick
0,mixkit-dog-walking-by-an-agriculture-green-field-19483.mp4,Dog walking by an agriculture green field
0,mixkit-a-woman-pets-a-dog-in-a-park-1562.mp4,"A woman sits among dried leaves next to a brown and white dog, petting its head, with a background of trees and the sun."
0,mixkit-young-girl-taking-a-nap-with-her-puppy-14952.mp4,Young girl taking a nap with her puppy
0,mixkit-a-man-petting-a-dog-in-the-grass-1481.mp4,A man wearing a blue cap is petting and playing with a dog in the grass at outdoors.
0,mixkit-dog-barking-on-a-white-background-8490.mp4,Dog barking on a white background
0,mixkit-dog-looking-at-something-8399.mp4,Dog looking at something
0,mixkit-woman-with-her-pet-dog-6664.mp4,Woman with her pet dog
0,mixkit-group-of-friends-talking-sitting-in-a-garden-42722.mp4,Group of four friends talking and laughing sitting in a garden with a dog on a sunny day.
0,mixkit-man-training-a-dog-by-making-him-jump-a-hurdle-39515.mp4,Man training a dog by making him jump a hurdle
0,mixkit-girl-stroking-her-dog-in-the-forest-34885.mp4,Girl stroking her dog in the forest
0,mixkit-young-woman-smiles-at-her-pet-33165.mp4,Young woman smiles at her pet
0,mixkit-hungry-stray-dog-lies-down-on-the-floor-33164.mp4,Hungry stray dog lies down on the floor
0,mixkit-cute-wet-dog-in-the-bathtub-after-a-bath-33103.mp4,Cute wet dog in the bathtub after a bath
0,mixkit-corgi-dog-enjoying-the-beach-25174.mp4,Corgi dog enjoying the beach
0,mixkit-girl-running-in-the-beach-with-her-dog-25139.mp4,Girl running in the beach with her dog
0,mixkit-person-carrying-a-little-dog-1657.mp4,A person who wears a pink polo shirt carries a brown hairy dog that has an open mouth with its tongue out
0,mixkit-a-man-walking-with-his-dog-in-a-forest-1500.mp4,"A man walks with his dog in a forest, low view. A white dog following its owner on a sunny day at nature. A man exploring with his dog."
0,mixkit-young-child-with-a-puppy-taking-a-selfie-6396.mp4,Young child with a puppy taking a selfie
0,mixkit-group-of-friends-hanging-out-in-a-garden-42746.mp4,"Two boys and two girls, friends, playing and talking in a sunny garden, with a dog."
0,mixkit-happy-couple-petting-their-dog-42735.mp4,"Happy in love man and woman petting their dog, sitting on the stairs while joking and kissing each other."
0,mixkit-man-teaching-tricks-to-his-dog-36528.mp4,Man teaching tricks to his dog
0,mixkit-toy-terrier-taking-a-sunbath-in-the-floor-34639.mp4,Toy Terrier taking a sunbath in the floor
0,mixkit-cute-dog-among-the-grass-in-the-park-33159.mp4,Cute dog among the grass in the park
0,mixkit-happy-lady-caresses-her-little-dog-33149.mp4,Happy lady caresses her little dog
0,mixkit-woman-strokes-her-dogs-on-the-grass-27022.mp4,Woman strokes her dogs on the grass
0,mixkit-labrador-licks-his-owner-24979.mp4,Labrador licks his owner
0,mixkit-prairie-dogs-eating-in-a-group-22404.mp4,Prairie Dogs eating in a group
0,mixkit-maned-wolf-in-the-high-grass-17942.mp4,Maned wolf in the high grass
0,mixkit-labrador-enjoying-a-head-scratch-17123.mp4,Labrador enjoying a head scratch
0,mixkit-dog-groomer-working-with-a-little-dog-1662.mp4,A dog hairdresser combing the hair of a small dog that is tied with a red leash around the neck.
0,mixkit-puppy-laying-in-their-bed-16619.mp4,Puppy laying in their bed
0,mixkit-woman-with-dog-sitting-on-balcony-1534.mp4,A woman with a dog sit together on a balcony looking out into the distance.
0,mixkit-a-dog-with-its-owner-in-a-forest-1497.mp4,A dog with a necklace shakes the water in front of a river in a forest next to its owner.
0,mixkit-girl-in-a-park-carrying-and-petting-her-cocker-spaniel-10360.mp4,"Young woman in nature seen up close, while holding and petting her little Cocker Spaniel, lovingly watching him and then turning directly to the lens."
0,mixkit-man-in-a-park-strokes-his-dog-down-10358.mp4,"Young man sitting squatting in a park, while lovingly stroking his dog, during a warm sunny day."
0,mixkit-dog-tied-on-a-leash-to-a-tree-9466.mp4,Dog tied on a leash to a tree
0,mixkit-stray-dog-sunbathing-9464.mp4,Stray dog sunbathing
0,mixkit-doog-catching-food-8432.mp4,Doog catching food
0,mixkit-woman-taking-a-selfie-with-her-dog-6400.mp4,Woman taking a selfie with her dog
0,mixkit-young-family-hugging-their-dog-546.mp4,"A man wearing a grey sweater sits on a wooden staircase petting a small black dog that sits on his lap, when a woman wearing socks, black leggings and a white knit sweater comes down the stairs, pets the dog, kisses the man on the forehead and sits on the stairs next to him."
0,mixkit-man-pets-his-dog-in-the-forest-542.mp4,"A man wearing a blue hooded jacket sits on a rock petting a black and white dog next to him, trees in the background."
0,mixkit-army-dog-sniffing-in-a-forest-39506.mp4,Army dog ​​sniffing in a forest
0,mixkit-man-training-a-dog-outdoors-36496.mp4,"Man training a dog, outdoors"
0,mixkit-woman-throwing-a-stick-at-her-dog-in-the-woods-36488.mp4,Woman throwing a stick at her dog in the woods
0,mixkit-person-brushing-the-hair-of-a-small-dog-36248.mp4,Person brushing the hair of a small dog
0,mixkit-young-woman-meditating-with-her-dog-aside-near-sea-35965.mp4,Young woman meditating with her dog aside near sea
0,mixkit-young-woman-running-with-her-dog-near-a-coast-35964.mp4,Young woman running with her dog near a coast
0,mixkit-person-bathing-his-dog-in-the-bathtub-33100.mp4,Person bathing his dog in the bathtub
0,mixkit-sad-and-hungry-dog-lost-under-rain-33018.mp4,Sad and hungry dog lost under rain
0,mixkit-dog-laying-on-a-stone-beach-32332.mp4,Dog laying on a stone beach
0,mixkit-homeless-sad-dog-by-the-sea-31982.mp4,Homeless sad dog by the sea
0,mixkit-dogsled-team-heading-through-a-forest-27745.mp4,Dogsled team heading through a forest
0,mixkit-homeless-dog-running-along-the-coast-25940.mp4,Homeless dog running along the coast
0,mixkit-woman-with-corgi-dog-reading-in-the-park-25024.mp4,Woman with corgi dog reading in the park
0,mixkit-petting-a-labrador-24978.mp4,Petting a Labrador
0,mixkit-dog-lying-on-the-floor-breathing-in-the-sun-19666.mp4,Dog lying on the floor breathing in the sun
0,mixkit-a-woman-hugging-a-dog-1561.mp4,A woman hugging a dog on a sunny day at the park in front of an orange pillar.
0,mixkit-a-girl-and-a-dog-standing-in-front-of-a-1533.mp4,A white and black dog and a woman stand in front of a yellow wall with trees in the background. The woman walks away and the dog follows.
0,mixkit-a-dog-runs-on-a-log-1531.mp4,"A black and white dog runs on top of a log, with trees and the sun shining in the background."
0,mixkit-dog-runs-to-a-man-1491.mp4,"A man kneels in a dirt road with trees in the background and calls out to a white dog that runs towards him, and they both walk off."
0,mixkit-a-man-feeding-and-peting-his-dog-at-a-forest-1490.mp4,A man feeding and caressing his dog in a forest. A dog being trained with a treat. Dog training.
0,mixkit-young-woman-in-a-park-carrying-her-schnauzer-dog-10362.mp4,"Girl in the nature of a park surrounded by trees, while holding her little gray schnauzer dog, while petting and kissing its head."
0,mixkit-girl-sitting-at-a-fountain-with-her-dog-aside-10357.mp4,"Girl sitting on the edge of a fountain in a park, with her dog at her side while lovingly petting him, and the camera pans from side to side."
0,mixkit-dog-face-close-up-at-photo-studio-8493.mp4,Dog face close up at photo studio
0,mixkit-dog-face-close-up-8453.mp4,Dog face close up
0,mixkit-dog-catching-food-in-slow-motion-8418.mp4,Dog catching food in slow motion
0,mixkit-dog-on-alert-8379.mp4,Dog on alert
0,mixkit-dog-laying-down-8359.mp4,Dog laying down
0,mixkit-dog-licking-8355.mp4,Dog licking
0,mixkit-dog-looking-past-the-camera-8342.mp4,Dog looking past the camera
0,mixkit-dog-sniffing-at-the-camera-7830.mp4,Dog sniffing at the camera
0,mixkit-throwing-a-treat-to-a-dog-7804.mp4,Throwing a treat to a dog
0,mixkit-husky-sled-dogs-pulling-in-slow-motion-7361.mp4,Husky sled dogs pulling in slow motion
0,mixkit-father-and-son-playing-in-the-snow-7315.mp4,Father and son playing in the snow
0,mixkit-dog-cubs-eating-from-their-mother-7217.mp4,Dog cubs eating from their mother
0,mixkit-sled-dogs-pulling-in-the-snow-7213.mp4,Sled dogs pulling in the snow
0,mixkit-dog-with-his-owner-on-the-sofa-6619.mp4,Dog with his owner on the sofa
0,mixkit-smiling-woman-calling-her-dog-in-the-rain-6617.mp4,Smiling woman calling her dog in the rain
0,mixkit-beautiful-dog-and-his-rose-6419.mp4,Beautiful dog and his rose
0,mixkit-taking-a-photo-with-her-pet-6397.mp4,Taking a photo with her pet
0,mixkit-woman-taking-a-selfie-after-a-workout-6356.mp4,Woman taking a selfie after a workout
0,mixkit-woman-and-her-dog-taking-a-selfie-6355.mp4,Woman and her dog taking a selfie
0,mixkit-woman-doing-yoga-at-sunset-6236.mp4,Woman doing Yoga at sunset
0,mixkit-woman-drinking-wine-with-her-dog-6184.mp4,Woman drinking wine with her dog
0,mixkit-woman-and-her-dog-outside-6151.mp4,Woman and her dog outside
0,mixkit-man-in-the-woods-with-his-dog-544.mp4,Dog and owner spend time together in a forest.
0,mixkit-woman-sitting-on-couch-petting-dog-543.mp4,"A woman wearing a white knit sweater sits on a couch drinking from a blue mug and holding a black and white dog in her lap, a young man approaches them from behind and kisses the woman on the forehead."
0,mixkit-amateur-mountaineer-about-to-climb-a-mountain-43305.mp4,"Mountaineer accompanied by a dog, about to climb a rocky mountain, in an arid environment in an aerial shot."
0,mixkit-man-and-woman-on-a-day-of-outdoor-mountaineering-43302.mp4,"Male and female climbers standing at the base of a rocky mountain, on a day of outdoor climbing in an arid ecosystem."
0,mixkit-man-and-woman-in-nature-practicing-mountaineering-43296.mp4,"A Man and a woman climbers starting to climb a gigantic rock outside, with the help of ropes and harnesses."
0,mixkit-woman-petting-her-dog-on-the-grass-42720.mp4,Woman lying on the grass in the garden of a park petting her dog during a day walk.
0,mixkit-albino-dog-sleeping-4130.mp4,Albino dog sleeping deep on the floor with a wall of stones in the background.
0,mixkit-woman-wearing-mask-with-her-dog-in-the-street-40182.mp4,"Girl with mask walking her dog down the street, on a sidewalk with bushes, trees and flowers."
0,mixkit-woman-with-face-mask-walking-with-her-dog-40181.mp4,Woman with a face mask walking with her small dog surrounded by bushes and flowers.
0,mixkit-little-girl-playing-with-her-dog-on-christmas-morning-39732.mp4,"Little girl playing with her little dog, on Christmas morning, next to the Christmas tree, while the sunlight comes through the window."
0,mixkit-man-petting-a-big-dog-in-the-park-36725.mp4,Man petting a big dog in the park
0,mixkit-man-walking-his-dog-in-a-park-aerial-shot-36723.mp4,"Man walking his dog in a park, aerial shot"
0,mixkit-dog-panting-while-being-petted-by-his-owner-36546.mp4,Dog panting while being petted by his owner
0,mixkit-man-and-his-dog-walking-through-a-field-36536.mp4,Man and his dog walking through a field
0,mixkit-young-woman-throwing-a-stick-away-at-her-dog-36535.mp4,Young woman throwing a stick away at her dog
0,mixkit-dog-resting-on-dry-grass-in-the-sun-36495.mp4,Dog resting on dry grass in the sun
0,mixkit-dog-snatching-a-training-rod-36493.mp4,Dog snatching a training rod
0,mixkit-young-woman-in-her-bed-calls-her-dog-to-pet-36126.mp4,Young woman in her bed calls her dog to pet him
0,mixkit-woman-with-her-little-dog-looking-at-the-camera-35991.mp4,Woman with her little dog looking at the camera
0,mixkit-woman-and-her-dog-doing-yoga-in-front-of-the-35970.mp4,Woman and her dog doing yoga in front of the sea
0,mixkit-woman-stroking-her-dog-on-a-shoreline-at-sunset-35966.mp4,Woman stroking her dog on a shoreline at sunset
0,mixkit-dog-sniffing-in-the-woods-3519.mp4,"Gray dog ​​sniffing a pine forest, a picnic table made of wood, the dog runs into the fog"
0,mixkit-dog-running-in-the-meadow-3518.mp4,"Dog running towards the camera in a green meadow, with fog and pine trees in the background"
0,mixkit-dog-in-the-forest-on-a-sunny-day-34936.mp4,Dog in the forest on a sunny day
0,mixkit-portrait-of-a-rottweiler-dog-in-the-forest-34926.mp4,Portrait of a Rottweiler dog in the forest
0,mixkit-little-girl-teaching-tricks-to-her-dog-34923.mp4,Little girl teaching tricks to her dog
0,mixkit-little-girl-kisses-her-dog-in-the-park-34919.mp4,Little girl kisses her dog in the park
0,mixkit-girl-playing-with-her-dog-on-the-meadow-34852.mp4,Girl playing with her dog on the meadow
0,mixkit-dog-scared-in-a-cage-in-the-kennel-34616.mp4,Dog scared in a cage in the kennel
0,mixkit-old-woman-and-her-pet-wearing-mask-33672.mp4,Old woman and her pet wearing mask
0,mixkit-little-dog-wearing-a-mask-33643.mp4,Little dog wearing a mask
0,mixkit-old-woman-playing-with-her-dog-on-the-floor-33199.mp4,Old woman playing with her dog on the floor
0,mixkit-woman-caresses-her-dog-in-the-garden-33170.mp4,Woman caresses her dog in the garden
0,mixkit-dog-relaxing-after-a-bath-33101.mp4,Dog relaxing after a bath
0,mixkit-dog-barking-behind-a-fence-32419.mp4,Dog barking behind a fence
0,mixkit-sad-dog-in-the-city-park-32335.mp4,Sad dog in the city park
0,mixkit-close-up-of-a-dog-falling-asleep-32312.mp4,Close up of a dog falling asleep
0,mixkit-homeless-sad-dog-portrait-31989.mp4,Homeless sad dog portrait
0,mixkit-women-feeding-a-puppy-in-a-christmas-park-at-night-3097.mp4,Two women feeding a small dog that has a leash in a Christmas theme park at night with ornaments of lights and figures.
0,mixkit-girl-running-with-her-dog-among-the-trees-30949.mp4,Girl running with her dog among the trees
0,mixkit-woman-sharing-her-meal-with-her-dog-28955.mp4,Woman sharing her meal with her dog
0,mixkit-woman-checking-her-phone-while-walking-her-dog-28229.mp4,Woman checking her phone while walking her dog
0,mixkit-woman-holding-a-chihuahua-26602.mp4,Woman holding a Chihuahua
0,mixkit-woman-working-from-her-bed-with-her-pet-26601.mp4,Woman working from her bed with her pet
0,mixkit-dog-laying-down-for-a-belly-scratch-26379.mp4,Dog laying down for a belly scratch
0,mixkit-stray-dog-on-the-beach-26184.mp4,Stray dog on the beach
0,mixkit-child-talking-to-his-husky-26147.mp4,Child talking to his Husky
0,mixkit-dog-looking-down-into-a-stream-26033.mp4,Dog looking down into a stream
0,mixkit-small-dog-having-a-hair-cut-26029.mp4,Small dog having a hair cut
0,mixkit-woman-and-her-dog-working-through-a-forest-path-25177.mp4,Woman and her dog working through a forest path
0,mixkit-woman-with-a-dog-on-the-green-grass-field-25168.mp4,Woman with a dog on the green grass field
0,mixkit-woman-with-corgi-dog-in-a-green-hill-25165.mp4,Woman with corgi dog in a green hill
0,mixkit-aerial-view-of-a-picnic-day-with-a-dog-25121.mp4,Aerial view of a picnic day with a dog
0,mixkit-mother-and-daughter-walking-through-the-park-25120.mp4,Mother and daughter walking through the park
0,mixkit-woman-with-corgi-dog-on-a-picnic-day-25107.mp4,Woman with corgi dog on a picnic day
0,mixkit-woman-with-corgi-dog-in-the-park-25023.mp4,Woman with corgi dog in the park
0,mixkit-a-woman-and-her-dog-enjoying-the-park-25022.mp4,A woman and her dog enjoying the park
0,mixkit-pet-dog-waiting-by-the-bed-24982.mp4,Pet dog waiting by the bed
0,mixkit-out-for-a-run-with-her-pet-dog-24938.mp4,Out for a run with her pet dog
0,mixkit-woman-exercising-as-the-sun-goes-down-24933.mp4,Woman exercising as the sun goes down
0,mixkit-husky-looking-out-across-a-garden-22393.mp4,Husky looking out across a garden
0,mixkit-taking-the-dogs-through-a-snow-covered-park-22316.mp4,Taking the dogs through a snow covered park
0,mixkit-woman-and-her-dog-spending-time-together-21672.mp4,Woman and her dog spending time together
0,mixkit-dog-tied-to-his-leash-on-the-street-19543.mp4,Dog tied to his leash on the street
0,mixkit-taking-a-photo-with-her-dog-17124.mp4,Taking a photo with her dog
0,mixkit-woman-relaxing-with-her-dog-17122.mp4,Woman relaxing with her dog
0,mixkit-pet-owner-caressing-a-little-cute-dog-1658.mp4,A person caresses and pampers a hairy dog ​​that is lying on its back on a towel.
0,mixkit-a-persons-hand-caressing-a-dog-1559.mp4,A person's hand caressing a dog's paw while it is resting in the grass.
0,mixkit-a-girl-petting-a-collie-dog-in-the-park-1554.mp4,A girl or long haired person caressing a collie dog in the park on a sunny afternoon.
0,mixkit-dog-visiting-a-vet-15172.mp4,Dog visiting a Vet
0,mixkit-dog-playing-with-leaves-15160.mp4,Dog playing with leaves
0,mixkit-woman-and-her-dog-running-down-a-path-15157.mp4,Woman and her dog running down a path
0,mixkit-labrador-running-through-a-field-15123.mp4,Labrador running through a field
0,mixkit-vet-playing-with-a-patient-15105.mp4,Vet playing with a patient
0,mixkit-a-man-and-his-dog-walking-in-a-forest-on-1501.mp4,Front view of a man walking his dog on a forest. A white dog following his owner at nature on a sunny day.
0,mixkit-enjoying-a-glass-of-wine-with-her-dog-15002.mp4,Enjoying a glass of wine with her dog
0,mixkit-dog-waking-up-their-owner-14970.mp4,Dog waking up their owner
0,mixkit-woman-and-her-dog-cleaning-woodland-14941.mp4,Woman and her dog cleaning woodland
0,mixkit-dog-playing-with-wooden-stick-14702.mp4,Dog playing with wooden stick
0,mixkit-dog-tied-to-a-log-in-nature-14578.mp4,Dog tied to a log in nature
0,mixkit-woman-running-with-her-dog-through-the-forest-14473.mp4,Woman running with her dog through the forest
0,mixkit-dog-and-its-owners-on-the-seashore-14353.mp4,Dog and its owners on the seashore
0,mixkit-little-girl-plays-with-her-dog-on-the-grass-14276.mp4,Little girl plays with her dog on the grass
0,mixkit-couple-and-their-dog-walking-through-green-agricultural-fields-13962.mp4,Couple and their dog walking through green agricultural fields
0,mixkit-dog-walking-along-crop-fields-13961.mp4,Dog walking along crop fields
0,mixkit-puppy-swimming-in-a-pool-13950.mp4,Puppy swimming in a pool
0,mixkit-two-woman-riding-horses-on-the-field-and-a-dog-13874.mp4,Two woman riding horses on the field and a dog followa
0,mixkit-a-man-training-a-german-shepherd-dog-in-the-park-13185.mp4,A man training a german shepherd dog in the park
0,mixkit-millennial-girlfriends-walk-little-dog-on-forest-path-12862.mp4,Millennial girlfriends walk little dog on forest path
0,mixkit-taking-care-of-your-dog-in-the-park-10364.mp4,"Young woman lying on the grass with her little dachshund dog, while appreciating and lovingly petting him, in a park with many trees."
0,mixkit-friends-chatting-in-a-park-with-one-dog-each-10363.mp4,"Two young men and women, chatting in a park with grass, trees, benches and others, while they have their dogs each on a leash."
0,mixkit-couple-lying-down-in-a-park-resting-with-their-pets-10356.mp4,"Man and woman lying with their little dogs on the grass near a tree in a park, while looking, talking and petting their pets."
0,mixkit-pet-owner-spending-time-with-his-little-dog-in-a-10353.mp4,"Girl sitting on a log in a park, with her little dog on one side, while she points to something in the distance."
0,mixkit-girl-kissing-her-little-dog-in-a-park-10351.mp4,"Young woman kneeling in the middle of a park with grass and trees, while she carries her little dog, and gives her tender expressions of affection."
0,mixkit-wealthy-business-man-walking-with-his-doberman-dog-47518.mp4,Wealthy business man walking with his doberman dog
0,mixkit-black-and-white-dog-sitting-behind-bars-47445.mp4,Black and white dog sitting behind bars
0,mixkit-dog-behind-bar-gate-howling-47444.mp4,Dog behind bar gate howling
0,mixkit-white-dog-catching-a-tennis-ball-47281.mp4,White dog catching a tennis ball
0,mixkit-black-dog-catching-a-tennis-ball-47280.mp4,Black dog catching a tennis ball
0,mixkit-a-girl-and-her-brother-playing-and-petting-their-dog-46940.mp4,A girl and her brother playing and petting their dog at the park
0,mixkit-little-girl-caresses-and-kisses-her-dog-46939.mp4,Little girl caresses and kisses her dog
0,mixkit-young-boy-petting-and-playing-with-his-dog-46938.mp4,Young boy petting and playing with his dog
0,mixkit-woman-holds-and-pat-her-small-dog-46471.mp4,Woman holds and pat her small dog
0,mixkit-a-girl-playing-with-her-grey-cat-at-christmas-46154.mp4,A girl playing with her grey cat at Christmas
0,mixkit-woman-holding-her-grey-cat-at-christmas-46153.mp4,Woman holding her grey cat at Christmas
0,mixkit-groomer-carefully-clipping-a-dogs-claws-45891.mp4,Groomer carefully clipping a dog's claws
0,mixkit-dog-groomer-gently-trimming-the-fur-of-a-dog-45890.mp4,Dog groomer gently trimming the fur of a dog
0,mixkit-fluffy-dog-being-carefully-brushed-by-its-owner-45889.mp4,Fluffy dog being carefully brushed by its owner
0,mixkit-small-dogs-eyes-being-cleaned-gently-by-a-groomer-45888.mp4,Small dog's eyes being cleaned gently by a groomer
0,mixkit-small-fluffy-dog-being-trimmed-by-a-dog-groomer-45887.mp4,"Small, fluffy dog being trimmed by a dog groomer"
0,mixkit-small-pomeranian-being-washed-in-a-tub-by-a-groomer-45886.mp4,Small Pomeranian being washed in a tub by a groomer
0,mixkit-small-dog-being-washed-in-a-sink-at-a-dog-45885.mp4,Small dog being washed in a sink at a dog groomer
0,mixkit-close-up-of-a-groomer-brushing-through-a-dogs-coat-45884.mp4,Close up of a groomer brushing through a dog's coat
0,mixkit-close-up-of-a-dogs-fur-being-cut-by-a-45883.mp4,Close up of a dog's fur being cut by a dog groomer
0,mixkit-groomer-trimming-a-dogs-claws-with-a-speciality-tool-45882.mp4,Groomer trimming a dogs claws with a speciality tool
0,mixkit-corgi-puppy-playing-with-a-toy-with-its-owner-45873.mp4,Corgi puppy playing with a toy with its owner
0,mixkit-corgi-lying-in-the-grass-with-his-tongue-sticking-out-45872.mp4,Corgi lying in the grass with his tongue sticking out
0,mixkit-cute-corgi-running-through-the-grass-45871.mp4,Cute Corgi running through the grass
0,mixkit-corgi-panting-happily-after-a-run-in-the-park-45870.mp4,Corgi panting happily after a run in the park
0,mixkit-corgi-running-next-to-its-owner-at-the-park-45869.mp4,Corgi running next to its owner at the park
0,mixkit-young-corgi-chasing-after-a-tennis-ball-in-the-park-45868.mp4,Young Corgi chasing after a tennis ball in the park
0,mixkit-young-happy-corgi-getting-pats-from-its-owner-at-the-45867.mp4,"Young, happy Corgi getting pats from its owner at the park"
0,mixkit-cte-corgi-enjoying-getting-his-belly-rubbed-by-his-owner-45866.mp4,Cte corgi enjoying getting his belly rubbed by his owner
0,mixkit-side-view-of-a-corgi-looking-up-at-his-owner-45865.mp4,Side view of a corgi looking up at his owner waiting for a treat
0,mixkit-fluffy-corgi-sitting-in-in-the-grass-with-his-tongue-45864.mp4,Fluffy corgi sitting in in the grass with his tongue hanging out
0,mixkit-pug-panting-in-a-park-on-a-sunny-day-45845.mp4,Pug panting in a park on a sunny day
0,mixkit-happy-pug-running-across-a-busy-park-45844.mp4,Happy pug running across a busy park
0,mixkit-happy-pug-running-across-a-grassy-park-45843.mp4,Happy pug running across a grassy park
0,mixkit-chunky-pug-enjoying-being-petted-45842.mp4,Chunky pug enjoying being petted
0,mixkit-a-cute-pug-enjoying-pats-while-lying-on-the-grass-45841.mp4,A cute pug enjoying pats while lying on the grass
0,mixkit-a-pug-enjoying-a-lie-on-the-grass-with-its-45840.mp4,A pug enjoying a lie on the grass with its owner
0,mixkit-husky-with-its-tongue-out-panting-at-the-camera-45834.mp4,Husky with its tongue out panting at the camera
0,mixkit-husky-licking-its-lips-at-the-camera-against-a-white-45833.mp4,Husky licking its lips at the camera against a white background
0,mixkit-husky-dog-sitting-against-a-white-backgrounf-45832.mp4,Husky dog sitting against a white backgrounf
0,mixkit-a-white-and-black-dog-looking-at-the-camera-head-45828.mp4,A white and black dog looking at the camera head on
0,mixkit-dog-playing-with-a-stick-with-his-owner-in-the-45827.mp4,Dog playing with a stick with his owner in the snow
0,mixkit-loving-owner-giving-her-white-dog-pats-in-the-snow-45826.mp4,Loving owner giving her white dog pats in the snow
0,mixkit-owner-taking-a-selfie-with-her-pitbull-in-the-snow-45796.mp4,Owner taking a selfie with her pitbull in the snow
0,mixkit-pet-owner-attaching-a-leash-to-their-pet-pitbull-45795.mp4,Pet owner attaching a leash to their pet pitbull
0,mixkit-cute-pitbull-in-a-snow-jacket-shewing-on-a-toy-45794.mp4,Cute pitbull in a snow jacket shewing on a toy in the snow
0,mixkit-dog-owner-playing-with-a-pitbull-at-the-park-in-45793.mp4,Dog owner playing with a pitbull at the park in the snow
0,mixkit-man-in-a-field-with-his-trained-dog-39559.mp4,Man in a field with his trained dog
0,mixkit-man-training-his-dog-by-biting-a-protective-jacket-39552.mp4,Man training his dog by biting a protective jacket
0,mixkit-a-woman-with-her-dog-watching-the-sunset-4814.mp4,"A woman with her dog, watching from above, the city in the distance, while the sun sets on the horizon at dusk."
0,mixkit-horses-with-equestrians-and-a-dog-going-in-circles-on-13254.mp4,Horses with equestrians and a dog going in circles on the field
0,mixkit-ketchup-and-mustard-on-a-hot-dog-11759.mp4,Ketchup and mustard on a hot dog
0,mixkit-husky-sled-dogs-in-the-snow-7316.mp4,Husky sled dogs in the snow
0,mixkit-upward-and-downward-facing-dog-892.mp4,"Woman in activewear with her short brown hair in a pony tail starts to do yoga, first with warrior pose, then downward facing dog ending with upward facing dog, a large window in the background with plants in the windowsill."
0,mixkit-young-girl-and-her-dog-smiling-at-the-camera-6395.mp4,Young girl and her dog smiling at the camera
0,mixkit-giving-a-pet-dog-a-vaccine-21465.mp4,Giving a pet dog a vaccine
0,mixkit-dog-having-an-injection-14978.mp4,Dog having an injection
0,mixkit-two-people-walking-down-a-road-seen-from-above-41400.mp4,"Two people with their dog walking along a path in nature, in a view from above."
0,mixkit-little-smiling-girl-with-a-stuffed-toy-10470.mp4,"Little smiling girl looking directly into the lens, while playing with a dog plush, sitting on her bed, surrounded by stuffed animals and pillows."
0,mixkit-alpinist-climbing-a-mountain-in-aerial-view-43308.mp4,"Alpinist climbing a rocky mountain in an aerial view, using a rope and a harness, accompanied by a dog and a woman."
0,mixkit-female-mountaineer-climbing-a-huge-rock-43307.mp4,"Female mountaineer climbing a huge rock with the help of a harness and a rope and accompanied by a man and a dog, in an arid ecosystem."
0,mixkit-man-and-woman-climbers-climbing-a-big-rock-43316.mp4,"Man and woman with a dog practicing climing, starting to climb a large rock outside, in an arid environment."
0,mixkit-market-shoppers-992.mp4,"People walk in a market, carrying reusable shopping bags, one walking a dog on a leash."
0,mixkit-alpinist-climbing-a-huge-rock-in-a-desert-43306.mp4,"Male amateur mountaneer climbing a huge rock in a desert, accompanied by a woman and a dog in an aerial shot."
0,mixkit-urban-mural-on-the-gates-of-a-place-3497.mp4,Urban mural on the doors of a place about a family strolling along with their dog and paper bags on their heads.
